<?xml version="1.0" encoding="UTF-8"?>
<project-private xmlns="http://www.netbeans.org/ns/project-private/1">
    <editor-bookmarks xmlns="http://www.netbeans.org/ns/editor-bookmarks/2" lastBookmarkId="0"/>
    <open-files xmlns="http://www.netbeans.org/ns/projectui-open-files/2">
        <group>
            <file>file:/E:/Ander/Учеба%205%20семестр/РПС/Lab3/web/WEB-INF/web.xml</file>
            <file>file:/E:/Ander/Учеба%205%20семестр/РПС/Lab3/web/index.jsp</file>
            <file>file:/E:/Ander/Учеба%205%20семестр/РПС/Lab3/web/WEB-INF/View.jsp</file>
        </group>
    </open-files>
</project-private>
